GIS_LOC_ID,UNIT_CODE,GROUP_CODE,UNIT_NAME,UNIT_TYPE,META_MIDF,LANDS_CODE,DATE_EDIT,GIS_NOTES
,UPDE,,Upper Delaware,Scenic and Recreational River,,,2006/06/06,POC for this update:  leslie_morlock@nps.gov - http://landsnet.nps.gov/tractsnet/documents/UPDE/Metadata/upde_metadata.xml
,BAND,,Bandelier,National Monument,,,,Park Created Boundary - contact Kay Beeley
,ACAD,,Acadia,National Park,,,,Shift 0.03 mi.
,ROCR,,Achbold Parkway,Park,,,,
,ADAM,,Adams,National Historical Park,,,,Shift 0.03 mi.
,AGFO,,Agate Fossil Beds,National Monument,,,,"Dave's boundaries extend 0.3 mi. offshore, Dean's do not."
,ALPO,,Allegheny Portage Railroad,National Historic Site,,,,"Shift 0.01 mi.; major discrepancy-east unit"
,AMME,,American Memorial Park,,,,,"Good, moved .21mi se to match drg"
,AMIS,,Amistad,National Recreation Area,,,,Shift 0.03 mi.
,NACE,,Anacostia Park,Park,,,,
,NACE,,"Anacostia Park, Section C",Park,,,,
,NACE,,"Anacostia Park, Section D",Park,,,,
,NACE,,"Anacostia Park, Section E",Park,,,,
,NACE,,"Anacostia Park, Section F",Park,,,,
,NACE,,"Anacostia Park, Section G",Park,,,,
,ANDE,,Andersonville,National Historical Site,,,,Good
,APIS,,Apostle Islands,National Lakeshore,,,,"Dave's boundaries extend 0.3 mi. offshore, Dean's do not."
,ARPO,,Arkansas Post,National Memorial,,,,"small diffs. in bound., location generally OK"
,ASIS,,Assateague Island,National Seashore,,,,Significant differences.
,NACE,,Bald Eagle Hill,Park,,,,
,NACE,,Baltimore Washington Parkway,Parkway,,,,
,NACC,,Banneker (Benjamin) Park,Park,,,,
,ROCR,,Barnard Hill,Park,,,,
,ROCR,,Battery Kemble Park,Park,,,,
,NACE,,Battery Ricketts,Park,,,,
,ROCR,,Battleground National Cemetery,Park,,,,
,ROCR,,Beach Parkway,Park,,,,
,BEFR,,Benjamin Franklin,National Memorial,,,,Good (copied from Dean's)
,BEOL,,Bent's Old Fort,National Historic Site,,,,Shift 0.03 mi.
,BIBE,,Big Bend,National Park,,,,Shift 0.03 mi.
,BICY,,Big Cypress,National Preserve,,,,Good
,BIHO,,Big Hole,National Battlefield,,,,"BIHO poly good, but not aligned w/NEPE unit. Also NEPE unit is missing from Dean's set."
,BISO,,Big South Fork,National River and Recreation Area,,,,Good
,BITH,,Big Thicket,National Preserve,,,,Shift 0.02 mi.
,BICA,,Bighorn Canyon,National Recreation Area,,,,Shift 0.03 mi.
,BISC,,Biscayne,National Park,,,,Good
,BLRI,,Blue Ridge,Parkway,,,,"Shift 0.01-0.02 mi.; minor differences in details"
,BLUE,,Bluestone,National Scenic River,,,,"Shifted 0.02-0.08 mi.; several discrepancies"
,BOWA,,Booker T. Washington,National Monument,,,,"Shifted 0.02 mi.; discrepancies"
,BOST,,Boston,National Historical Park,,,,"Bunker Hill Monument,   Shift 0.03 mi."
,BOAF,,Boston African American,National Historic Site,,,,Shift 0.03 mi.
,ROCR,,Brentwood Park,,,,,
,ROCR,,Bryce Park,Park,,,,
,NACE,,Buzzard Point,Park,,,,
,CACH,,Canyon de Chelly,National Monument,,,,Shift 0.04 miles
,CANY,,Canyonlands,National Park,,,,Shifted 0.04 miles
,CACO,,Cape Cod,National Seashore,,,,Shift 0.03 miles
,CAHA,,Cape Hatteras,National Seashore,,,,Good
,CALO,,Cape Lookout,National Seashore,,,,Good
,CARE,,Capitol Reef,National Park,,,,Shifted 0.04 miles
,CAGR,,Casa Grande Ruins,National Monument,,,,Shift 0.04 miles
,ROCR,,Center Parking,Park,,,,
,CHAT,,Chattahoochee River,National Recreation Area,,,,Good
,CHOH,,Chesapeake and Ohio Canal,National Historic Park,,,,
,ROCR,,Chevy Chase Circle,Park,,,,
,CHCH,,Chickamauga and Chattanooga,National Military Park,,,,Good
,CHIC,,Chickasaw,National Recreation Area,,,,Shifted 0.02 miles
,CHRO,,Chimney Rock,National Historical Park,,,,Good (copied from Dean's)
,CIRO,,City of Rocks,National Reserve,,,,Shifted 0.04 miles
,COLO,,Colonial,National Historical Park,,,,"Many small differences, especially east end of main poly"
,COLM,,Colorado,National Monument,,,,Shifted 0.04 miles
,NACC,,Columbus Plaza,Park,,,,
,CORO,,Coronado,National Memorial,,,,Shifted 0.04 miles
,COWP,,Cowpens,National Battlefield,,,,Good
,CRLA,,Crater Lake,National Park,,,,Shifted 0.06 miles
,CRMO,,Craters of the Moon,National Monument,,,,"Dave's set has units and islands; Dean's is one large poly"
,CUIS,,Cumberland Island,National Seashore,,,,Good
,ROCR,,Curb Parking,Park,,,,
,CURE,,Curecanti,National Recreation Area,,,,Shift 0.03 miles
,ROCR,,Dalecarlia Parkway,Park,,,,
,DAAV,,Dayton Aviation Heritage,National Historical Park,,,,Good
,DEVA,,Death Valley,National Park,,,,Shifted 0.05 miles
,DEWA,,Delaware Water Gap,National Recreation Area,,,,Small unit at north end missing from Dave's set
,DINO,,Dinosaur,National Monument,,,,Shifted 0.04 miles
,ROCR,,Dumbbarton Oaks Park,Park,,,,
,NACC,,Dupont Circle,Park,,,,
,NACC,,East Potomac Park Hains Point,Park,,,,
,EBLA,,Ebey's Landing,National Historical Reserve,,,,"Shifted 0.06 mi.; couple of discrepancies"
,EDAL,,Edgar Allan Poe,National Historic Site,,,,"near philly, what park?"
,EDIS,,Edison,National Historic Site,,,,Shift 0.02 mi.
,EISE,,Eisenhower,National Historic Site,,,,"Shifted 0.02 miles; minor discrepancies"
,ELMA,,El Malpais,National Monument,,,,Shifted 0.03 miles
,EUON,,Eugene O'Neill,National Historic Site,,,,Shift 0.06 mi.
,EVER,,Everglades,National Park,,,,Good
,NACC,,Farragut Square,Park,,,,
,FIIS,,Fire Island,National Seashore,,,,Shifted 0.02 miles
,NACE,,Folger Park,Park,,,,
,ROCR,,Fort Bayard Park,Park,,,,
,ROCR,,Fort Bunker Hill,Park,,,,
,FOCA,,Fort Caroline,National Memorial,,,,Good
,NACE,,Fort Chaplin Park,Park,,,,
,NACE,,Fort Circle Park,Park,,,,
,FODO,,Fort Donelson,National Battlefield,,,,Good
,NACE,,Fort Dupont Park,Park,,,,
,FOLA,,Fort Laramie,National Historic Site,,,,Shifted 0.03 miles
,FOLS,,Fort Larned,National Historic Site,,,,Shifted 0.02 miles
,NACE,,Fort Mahan Park,Park,,,,
,FOMA,,Fort Matanzas,National Monument,,,,Good
,FOMC,,Fort McHenry,National Monument and Historic Shrine,,,,"Shifted 0.02 miles; small discrepancies"
,FONE,,Fort Necessity,National Battlefield,,,,"Shifted 0.01 miles; minor discrepancies"
,FOPO,,Fort Point,National Historic Site,,,,Good (unit is w/in GOGA)  (copied from Dean's)
,FOPU,,Fort Pulaski,National Monument,,,,Good
,FORA,,Fort Raleigh,National Historical Site,,,,Good
,ROCR,,Fort Reno Park,Park,,,,
,FOSC,,Fort Scott,National Historic Site,,,,Significant differences in shape and location
,ROCR,,Fort Slocum Park,Park,,,,
,NACE,,Fort Stanton Park,Park,,,,
,FOST,,Fort Stanwix,National Monument,,,,Shift 0.02 mi.
,ROCR,,Fort Stevens Park,Park,,,,
,ROCR,,Fort Totten Park,Park,,,,
,FOVA,,Fort Vancouver,National Historic Site,,,,Shifted 0.06 miles
,ROCR,,Francis G. Newlands Park (Little Forest),Park,,,,
,NACC,,Franklins Square,Park,,,,
,FRLA,,Frederick Law Olmsted,National Historic Site,,,,"near newton MA, what park?"
,FRED,,Fredericksburg,,,,,Good (copied from Dean's)
,FRSP,,Fredericksburg and Spotsylvania,National Military Park,,,,Many differences
,FRHI,,Friendship Hill,National Historic Site,,,,"Shifted 0.01 miles; minor discrepancies"
,NACC,,Galvez (Bernardo De) Park,Park,,,,
,GATE,,Gateway,National Recreation Area,,,,Shifted 0.02 miles
,GARI,,Gauley River,National Recreation Area,,,,"Same general shape, but totally different boundaries"
,GERO,,George Rogers Clark,National Historical Park,,,,Significant differences
,GEWA,,George Washington Birthplace,National Monument,,,,Significant differences
,ROCR,,Georgetown Waterfront Park,Park,,,,
,GETT,,Gettysburg,National Military Park,,,,"Shifted 0.02 miles; external boundary good, but Dean's has more internal divisions"
,GLCA,,Glen Canyon,National Recreation Area,,,,Shifted 0.04 miles
,GLDE,,Gloria Dei (Old Swedes') Church,National Historic Site,,,,"Shifted 0.02 miles; Distinct differences"
,ROCR,,Glover Parkway and Children's Playground,Park,,,,
,GOSP,,Golden Spike,National Historic Site,,,,Shifted 0.04 miles
,NACC,,Gompers (Samuel) Memorial Park,,,,,
,GRCA,,Grand Canyon,National Park,,,,Shifted 0.04 miles
,GRPO,,Grand Portage,National Monument,,,,"Many discrepancies in details; off up to 0.1 miles"
,GRTE,,Grand Teton,National Park,,,,Shifted 0.04 miles
,ROCR,,Grant Circle,Park,,,,
,GRBA,,Great Basin,National Park,,,,Shifted 0.04 miles
,GRSM,,Great Smoky Mountains,National Park,,,,Good
,GRSP,,Green Springs,National Historic Landmark District,,,,Good (copied from Dean's)
,GUMO,,Guadalupe Mountains,National Park,,,,Shifted 0.03 miles
,GUCO,,Guilford Courthouse,National Military Park,,,,Good
,GUIS,,Gulf Islands,National Seashore,,,,Good
,HAFO,,Hagerman Fossil Beds,National Monument,,,,Shifted 0.04 miles
,HALE,,Haleakala,National Park,,,,"Shifted 0.29 miles; some internal islands missing from Dean's set"
,HAMP,,Hampton,National Historic Site,,,,"Shifted 0.02 miles; discrepancies"
,HSTR,,Harry S. Truman,National Historic Site,,,,"Shifted 0.02 miles; Dean's polys 2x the size of Dave's"
,PIMA,,Hohokam Pima,National Monument,,,,Shifted 0.04 miles
,HOCU,,Hopewell Culture,National Historical Park,,,,"Shifted 0.01 miles; discrepancies in one unit; significant differences in another unit"
,HOFU,,Hopewell Furnace,National Historic Site,,,,Shifted 0.02 miles
,HOBE,,Horseshoe Bend,National Military Park,,,,Good
,ILMI,,Illinois and Michigan Canal,National Heritage Corridor,,,,Good
,INDE,,Independence,National Historical Park,,,,"Shifted 0.02 miles; moderated differences; small units missing from Dave's set"
,INPE,,International Peace Garden,,,,,Good  (copied from Dean's)
,ISRO,,Isle Royale,National Park,,,,"Dean's set is just islands; Dave's boundary extends 4.5 mi. offshore"
,JEFF,,Jefferson National Expansion Memorial,National Memorial,,,,"Small differences in west unit; east unit missing from Dave's set"
,JECA,,Jewel Cave,National Monument,,,,"Shifted 0.03 miles; northeast corner off more than the shift amount"
,JODA,,John Day Fossil Beds,National Monument,,,,Shifted 0.06 miles
,JOFI,,John Fitzgerald Kennedy,National Historic Site,,,,Shifted 0.03 miles
,JOFK,,John F. Kennedy Center for Performing Arts,,,,,Good  (copied from Dean's)
,JOMU,,John Muir,National Historic Site,,,,Shifted 0.06 miles
,JOFL,,Johnstown Flood,National Memorial,,,,"Shifted 0.01 miles; many small discrepancies"
,KALA,,Kalaupapa,National Historical Park,,,,Good  (copied from Dean's)
,NACC,,Kelly (Edward J.) Park,,,,,
,KIMO,,Kings Mountain,National Military Park,,,,Good
,ROCR,,Klingle Valley Parkway,Park,,,,
,,,LOWE,,,,,"Donut polys, call park"
,WHHO,,Lafayette Square,Park,,,,
,LACH,,Lake Chelan,National Recreation Area,,,,Shifted 0.06 miles
,LAMR,,Lake Meredith,National Recreation Area,,,,Shifted 0.03 miles
,LARO,,Lake Roosevelt,National Recreation Area,,,,Shifted 0.05 miles
,NACE,,Lincoln Park,Park,,,,
,LIRI,,Little River Canyon,National Preserve,,,,Good
,NACC,,Logan Circle,Park,,,,
,LONG,,Longfellow,National Historic Site,,,,"Danelle digitized off DOQ, not accurate, need info from park after their survey"
,LOWE,,Lowell,National Historical Park,,,,Shifted 0.03 miles
,LYJO,,Lyndon B. Johnson,National Historic Park,,,,Shifted 0.02 miles
,MALW,,Maggie L. Walker,National Historic Site,,,,Good
,NACE,,Marion Park,Park,,,,
,MABI,,Marsh-Billings-Rockefeller,National Historical Park,,,,Shifted 0.02 miles
,MAVA,,Martin Van Buren,National Historic Site,,,,Good
,MCHO,,McLoughlin House,National Historical Park,,,,Good  (copied from Dean's)
,NACC,,McPherson Square,Park,,,,
,ROCR,,Melvin C. Hazin Park,Park,,,,
,ROCR,,Meridian Hill Park,Park,,,,
,MIIN,,Minidoka Internment,National Monument,,,,Good
,MISS,,Mississippi,National River and Recreation Area,,,,"Generally shifted about 0.01 miles, but off 0.14 miles in spots"
,MNRR,,Missouri,National Recreation River,,,,Good
,NACC,,Monroe (James) Park,Park,,,,
,ROCR,,Montrose Park,Park,,,,
,MOCR,,Moores Creek,National Battlefield,,,,Good
,MORR,,Morristown,National Historical Park,,,,Shifted 0.02 miles
,MORA,,Mount Rainier,National Park,,,,Shifted 0.06 miles
,NACC,,Mount Vernon Square,Park,,,,
,MUWO,,Muir Woods,National Monument,,,,Shifted 0.06 miles
,NACC,,Murrow (Edward R.) Park,Park,,,,
,NATR,,Natchez Trace Parkway and National Scenic Trail,,,,,Good
,NACC,,National Capital Parks - Central,Park,,,,
,NACC,,National Law Enforcement Memorial,Park,,,,
,NPSA,,National Park of American Samoa,National Park,,,,Big Problems
,ROCR,,National Zoological Park Entrance,Park,,,,
,NABR,,Natural Bridges,National Monument,,,,Shifted 0.06 miles
,NAVA,,Navajo,National Monument,,,,Shifted 0.04 miles
,NEBE,,New Bedford Whaling,National Historical Park,,,,
,NERI,,New River Gorge,National River,,,,Major differences
,NEPE,,Nez Perce,National Historical Park,,,,"4 units missing from Dean's set; one ID unit has discrepancy; MT unit not aligned with BIHO"
,NIOB,,Niobrara,National Scenic River,,,,Shift 0.02 mi.
,ROCR,,Normanstone Parkway,Park,,,,
,NOCA,,North Cascades,National Park,,,,Shifted 0.06 miles
,ROCR,,North Portal,Park,,,,
,OBRI,,Obed,Wild and Scenic River,,,,Good
,OCMU,,Ocmulgee,National Monument,,,,Good
,ROCR,,Old Stone House,Park,,,,
,OLYM,,Olympic,National Park,,,,Shifted 0.06 - 0.07 miles
,ORCA,,Oregon Caves,National Monument,,,,Shifted 0.07 miles
,NACE,,Oxon Run,National Parkway,,,,
,NACC,,Pan American Annex,,,,,
,NACE,,Park,Park,,,,
,NACC,,Park - C Street,Park,,,,
,PERI,,Pea Ridge,National Military Park,,,,Many small differences
,PECO,,Pecos,National Historic Park,,,,Shifted 0.03 miles
,NACC,,Pennsylvania Avenue NHS,Park,,,,
,PEVI,,Perry's Victory and International Peace,Memorial,,,,"Same general shape & area, but distinctly different boundaries"
,PETE,,Petersburg,National Battlefield,,,,"Dave's poly includes additional acreage & additional units; Significant discrepancies"
,PETR,,Petroglyph,National Monument,,,,Shifted 0.03 miles
,ROCR,,Pinehurst Parkway,Park,,,,
,ROCR,,Piney Branch Portal,Park,,,,
,PINN,,Pinnacles,National Monument,,,,Shifted 0.06 miles
,ROCR,,Potomac Palisades Parkway,Park,,,,
,POPO,,Poverty Point,National Monument,,,,Good
,PRSF,,Presidio of San Francisco,,,,,Shifted 0.06 miles (overlaps FOPO due to shift
,PRWI,,Prince William Forest,Park,,,,Good  (copied from Dean's)
,ROCR,,Rabaut Park,Park,,,,
,RABR,,Rainbow Bridge,National Monument,,,,Shifted 0.04 miles
,NACE,,Randle Circle,Park,,,,
,NACC,,Rawlins Park,Park,,,,
,REDW,,Redwood,National Park,,,,Shifted 0.06 miles
,RICH,,Richmond,National Battlefield Park,,,,"Major discrepanceis in east unit; one unit missing from Dave's set"
,ROCR,,Rock Creek & Potomac Parkway,Park,,,,
,ROCR,,Rock Creek Park,,,,,
,ROMO,,Rocky Mountain,National Park,,,,Shifted 0.03 miles
,ROWI,,Roger Williams,National Memorial,,,,Shift 0.03 mi.
,RORI,,Rosie the Riveter WWII Home Front,National Historical Park,,,,Good
,ROLA,,Ross Lake,National Recreation Area,,,,Shifted 0.06 miles
,RUCA,,Russell Cave,National Monument,,,,Good
,NACE,,STANTON PARK,Park,,,,
,SAHI,,Sagamore Hill,National Historic Site,,,,Shifted 0.02 miles
,SAGU,,Saguaro,National Park,,,,Shifted 0.04 miles
,SACN,,Saint Croix,National Scenic River,,,,"Shifted 0.01 miles; Dean's set has a couple of islands; many minor discrepancies (see south terminus)"
,SACR,,Saint Croix Island,International Historic Site,,,,Shift 0.03 mi.
,SAGA,,Saint-Gaudens,National Historic Site,,,,Shifted 0.03 miles
,SAMA,,Salem Maritime,National Historic Site,,,,Shifted 0.03 miles
,SAPU,,Salinas Pueblo Missions,National Monument,,,,Shifted 0.03 miles
,SAAN,,San Antonio Missions,National Historic Park,,,,Shifted 0.02 miles
,SAFR,,San Francisco Maritime,National Historical Park,,,,Good (unit is within GOGA)  (copied from Dean's)
,SAJH,,San Juan Island,National Historical Park,,,,Shifted 0.06 miles
,SARA,,Saratoga,National Historical Park,,,,Shifted 0.02 miles
,SAIR,,Saugus Iron Works,National Historic Site,,,,Shifted 0.03 miles
,NACC,,Scott Circle,Park,,,,
,SHEN,,Shenandoah,National Park,,,,"Shifted 0.02 miles; Discrepancy at south end (at BLRI); other minor discrepancies"
,NACE,,Sheperd Parkway,Park,,,,
,NACC,,Sheridan Circle,Park,,,,
,ROCR,,Sherman Circle,Park,,,,
,SHIL,,Shiloh,National Battlefield,,,,Good
,ROCR,,Soapstone Valley,Park,,,,
,NACC,,Southwest Waterfront Park (Titanic Mem),,,,,
,SPAR,,Springfield Armory,National Historic Site,,,,Shift 0.02 mi.
,STLI,,Statue Of Liberty,National Monument,,,,Shifted 0.02 miles
,STEA,,Steamtown,National Historic Site,,,,"Significant section missing from Dave's poly; many small differences"
,STRI,,Stones River,National Battlefield,,,,Good
,ROCR,,Tenley Circle,,,,,
,THKO,,Thaddeus Kosciuszko,National Memorial,,,,Good  (copied from Dean's)
,NACC,,"The Mall, Agricultural Grounds",Park,,,,
,NACC,,"The Mall, Henry Park",Park,,,,
,NACC,,"The Mall, L'Enfant Square",Park,,,,
,NACC,,"The Mall, Seaton Park",Park,,,,
,NACC,,"The Mall, Seaton Section",Park,,,,
,NACC,,"The Mall, Smithsonian Grounds",Park,,,,
,NACC,,"The Mall, Union Square",Park,,,,
,THRI,,Theodore Roosevelt Inaugural,National Historic Site,,,,"near buffalo NY, what park?"
,NACC,,Thomas Circle,Park,,,,
,THST,,Thomas Stone,National Historic Site,,,,"Shifted 0.02 miles; small discrepancy"
,TIMU,,Timucaun Ecological and Historical Preserve,Ecological and Historical Preserve,,,,Good
,NACC,,Town Center Park,Park,,,,
,NACE,,Triangle Park,Park,,,,
,NACC,,Triangle Park (BOLIVAR [SIMON] STATUE),Park,,,,
,NACC,,Triangle Park (JUAREZ STATUE),Park,,,,
,NACC,,Triangle Park (SAN MARTIN STATUE),Park,,,,
,NACC,,Truxton Park,Park,,,,
,TUIN,,Tuskegee Institute,National Historical Site,,,,Good
,NACE,,Twining Park,Park,,,,
,VAMA,,Vanderbilt Mansion,National Historic Site,,,,Shifted 0.02 miles
,VICK,,Vicksburg,National Military Park,,,,"Main polys good, but overlap with VICC"
,ROCR,,Ward Circle,Park,,,,
,NACC,,Washington Circle,Park,,,,
,NACC,,Washinton Monument,Memorial,,,,
,WEFA,,Weir Farm,National Historic Site,,,,Shift 0.02 mi.
,NACC,,West Potomac Park,Park,,,,
,ROCR,,Westmoreland Circle,Park,,,,
,WHHO,,White House,Park,,,,
,ROCR,,Whitehaven Parkway,Park,,,,
,NACC,,Whitman (Walt) Park,Park,,,,
,WIHO,,William Howard Taft,National Historic Site,,,,Very different boundary
,WORI,,Women's Rights,National Historical Park,,,,"Shifted 0.02 miles; Dave's poly is larger"
,ROCR,,Woodley Park,Park,,,,
,NACE,,Fort Davis,,,,,
,WRBR,,Wright Brothers,National Memorial,,,,Good
,WRBR,,Wright Brothers,National Memorial,,,,Good
,BLCA,,Black Canyon of the Gunnison,National Park,,,2004/06/18,Lands - http://landsnet.nps.gov/tractsnet/documents/BLCA/Metadata/blca_metadata.xml
,CEBE,,Cedar Creek and Belle Grove,Historical Park,,,2005/04/07,Lands - http://landsnet.nps.gov/tractsnet/documents/CEBE/Metadata/cebe_metadata.xml
,LIBI,,Little Bighorn Battlefield,National Monument,,,2005/02/23,Lands - http://landsnet.nps.gov/tractsnet/documents/LIBI/Metadata/libi_metadata.xml
,CAVO,,Capulin Volcano,National Monument,,,2004/07/22,Lands - http://landsnet.nps.gov/tractsnet/documents/CAVO/Metadata/cavo_metadata.xml
,CHIR,,Chiricahua,National Monument,,,2004/07/08,Lands - http://landsnet.nps.gov/tractsnet/documents/CHIR/Metadata/chir_metadata.xml
,FOBO,,Fort Bowie,National Historic Site,,,2004/05/12,Lands - http://landsnet.nps.gov/tractsnet/documents/FOBO/Metadata/fobo_metadata.xml
,GICL,,Gila Cliff Dwellings,National Monument,,,2004/05/10,Lands - http://landsnet.nps.gov/tractsnet/documents/GICL/Metadata/gicl_metadata.xml
,GOGA,,Golden Gate,National Recreation Area,,,2004/04/22,Lands
,LAME,,Lake Mead,National Recreation Area,,,2003/11/04,Lands
,MACA,,Mammoth Cave,National Park,,,2004/06/28,Lands - http://landsnet.nps.gov/tractsnet/documents/MACA/Metadata/maca_metadata.xml
,MANA,,Manassas,National Battlefield Park,,,2004/06/29,Lands - http://landsnet.nps.gov/tractsnet/documents/MANA/Metadata/mana_metadata.xml
,MOJA,,Mojave,National Preserve,,,2004/03/08,Lands
,SAND,,Sand Creek Massacre,National Historic Site,,,2003/07/17,Lands - http://landsnet.nps.gov/tractsnet/documents/SAND/Metadata/sand_metadata.xml
,TUMA,,Tumacacori,National Historical Park,,,2003/04/22,Lands
,TUZI,,Tuzigoot,National Monument,,,2003/11/21,Lands - http://landsnet.nps.gov/tractsnet/documents/TUZI/Metadata/tuzi_metadata.xml
,WHMI,,Whitman Mission,National Historic Site,,,2003/11/05,Lands
,YOSE,,Yosemite,National Park,,,2003/11/03,Lands
,YUHO,,Yucca House,National Monument,,,2003/11/19,Lands - http://landsnet.nps.gov/tractsnet/documents/YUHO/Metadata/yuho_metadata.xml
,WABA,,Washita Battlefield,National Historic Site,,,2004/09/22,Lands - http://landsnet.nps.gov/tractsnet/documents/WABA/Metadata/waba_metadata.xml
,HOME,,Homestead,National Monument,,,2004/05/17,Lands - http://landsnet.nps.gov/tractsnet/documents/HOME/Metadata/home_metadata.xml
,SCBL,,Scotts Bluff,National Monument,,,2004/05/17,Lands - http://landsnet.nps.gov/tractsnet/documents/SCBL/Metadata/scbl_metadata.xml
,WOTR,,Wolf Trap National Park for the Performing Arts,,,,2004/11/03,Lands - http://landsnet.nps.gov/tractsnet/documents/WOTR/Metadata/wotr_metadata.xml
,GRKO,,Grant-Kohrs Ranch,National Historic Site,,,2004/11/18,Lands - http://landsnet.nps.gov/tractsnet/documents/GRKO/Metadata/grko_metadata.xml
,MONO,,Monocacy,National Battlefield,,,2005/01/10,Lands - http://landsnet.nps.gov/tractsnet/documents/MONO/Metadata/mono_metadata.xml
,ANTI,,Antietam,National Battlefield,,,2005/01/10,Lands - http://landsnet.nps.gov/tractsnet/documents/ANTI/Metadata/anti_metadata.xml
,GRSA,,Great Sand Dunes,National Park,,,2004/11/04,Lands
,GRSA,,Great Sand Dunes,National Preserve,,,2004/11/04,Lands
,PIRO,,Pictured Rocks,National Lakeshore,,,2005/02/15,Lands - http://landsnet.nps.gov/tractsnet/documents/PIRO/Metadata/piro_metadata.xml
,CASA,,Castillo de San Marcos,National Monument,,,2005/02/28,Lands - http://landsnet.nps.gov/tractsnet/documents/CASA/Metadata/casa_metadata.xml
,BUFF,,Buffalo,National River,,,2005/04/14,Lands - http://landsnet.nps.gov/tractsnet/documents/BUFF/Metadata/buff_metadata.xml
,TICA,,Timpanogos Cave,National Monument,,,2005/04/14,Lands
,NATC,,Natchez,National Historical Park,,,2005/04/20,Lands - http://landsnet.nps.gov/tractsnet/documents/NATC/Metadata/natc_metadata.xml
,THIS,,Theodore Roosevelt Island,National Memorial,,,2005/05/31,Lands - http://landsnet.nps.gov/tractsnet/documents/THIS/Metadata/this_metadata.xml
,LYBA,,Lyndon Baines Johnson Memorial Grove on the Potomac,National Memorial,,,2005/05/31,Lands - http://landsnet.nps.gov/tractsnet/documents/LYBA/Metadata/lyba_metadata.xml
,ARHO,,Arlington House / The Robert E. Lee,National Memorial,,,2005/05/31,Lands - http://landsnet.nps.gov/tractsnet/documents/ARHO/Metadata/arho_metadata.xml
,JICA,,Jimmy Carter,National Historic Site,,,2005/07/12,Lands - http://landsnet.nps.gov/tractsnet/documents/JICA/Metadata/jica_metadata.xml
,CUGA,,Cumberland Gap,National Historical Park,,,2005/07/12,Lands - http://landsnet.nps.gov/tractsnet/documents/CUGA/Metadata/cuga_metadata.xml
,WUPA,,Wupatki,National Monument,,,2005/07/29,Lands - http://landsnet.nps.gov/tractsnet/documents/WUPA/Metadata/wupa_metadata.xml
,GREE,,Greenbelt,Park,,,2005/08/31,Lands - http://landsnet.nps.gov/tractsnet/documents/GREE/Metadata/gree_metadata.xml
,TUPE,,Tupelo,National Battlefield,,,2005/10/13,Lands - http://landsnet.nps.gov/tractsnet/documents/TUPE/Metadata/tupe_metadata.xml
,BRCR,,Brices Cross Roads,National Battlefield Site,,,2005/10/13,Lands - http://landsnet.nps.gov/tractsnet/documents/BRCR/Metadata/brcr_metadata.xml
,SAMO,,Santa Monica Mountains,National Recreation Area,,,2005/10/18,Lands
,TUAI,,Tuskegee Airmen,National Historic Site,,,2005/10/21,Lands - http://landsnet.nps.gov/tractsnet/documents/TUAI/Metadata/tuai_metadata.xml
,PORE,,Point Reyes,National Seashore,,,2005/10/25,Lands
,FOSU,,Fort Sumter,National Monument,,,2005/11/03,Lands - http://landsnet.nps.gov/tractsnet/documents/FOSU/Metadata/fosu_metadata.xml
,MALU,,"Martin Luther King, Jr.",National Historic Site,,,2005/11/18,Lands - http://landsnet.nps.gov/tractsnet/documents/MALU/Metadata/malu_metadata.xml
,CARL,,Carl Sandburg Home,National Historic Site,,,2005/11/18,Lands - http://landsnet.nps.gov/tractsnet/documents/CARL/Metadata/carl_metadata.xml
,FLFO,,Florissant Fossil Beds,National Monument,,,2005/11/22,Lands - http://landsnet.nps.gov/tractsnet/documents/FLFO/Metadata/flfo_metadata.xml
,DETO,,Devils Tower,National Monument,,,2005/12/19,Lands - http://landsnet.nps.gov/tractsnet/documents/DETO/Metadata/deto_metadata.xml
,APCO,,Appomattox Court House,National Historical Park,,,2006/01/04,Lands - http://landsnet.nps.gov/tractsnet/documents/APCO/Metadata/apco_metadata.xml
,TONT,,Tonto,National Monument,,,2006/02/23,Lands - http://landsnet.nps.gov/tractsnet/documents/TONT/Metadata/tont_metadata.xml
,WICA,,Wind Cave,National Park,,,2006/03/08,Lands - http://landsnet.nps.gov/tractsnet/documents/WICA/Metadata/wica_metadata.xml
,NISI,,Ninety Six,National Historic Site,,,2006/03/20,Lands - http://landsnet.nps.gov/tractsnet/documents/NISI/Metadata/nisi_metadata.xml
,CHPI,,Charles Pinckney,National Historic Site,,,2006/03/20,Lands - http://landsnet.nps.gov/tractsnet/documents/CHPI/Metadata/chpi_metadata.xml
,BUIS,,Buck Island Reef,National Monument,,,2006/03/20,Lands - http://landsnet.nps.gov/tractsnet/documents/BUIS/Metadata/buis_metadata.xml
,CAWO,,Carter G. Woodson,National Historic Site,,,2006/03/22,Lands - http://landsnet.nps.gov/tractsnet/documents/CAWO/Metadata/cawo_metadata.xml
,CHRI,,Christiansted,National Historic Site,,,2006/03/21,Lands - http://landsnet.nps.gov/tractsnet/documents/CHRI/Metadata/chri_metadata.xml
,GLAC,,Glacier,National Park,,,2006/03/09,POC for this update:  richard_menicke@nps.gov - http://landsnet.nps.gov/tractsnet/documents/GLAC/Metadata/glac_metadata.xml
,CEBR,,Cedar Breaks,National Monument,,,2006/04/18,Lands - http://landsnet.nps.gov/tractsnet/documents/CEBR/Metadata/cebr_metadata.xml
,NACA,,National Capital Parks,Park,,,2006/06/15,Lands
,ARCH,,Arches,National Park,,,2006/06/19,Lands
,LEWI,,Lewis and Clark,National Historical Park,,,2006/06/14,POC for this update:  craig_dalby@nps.gov - http://landsnet.nps.gov/tractsnet/documents/LEWI/Metadata/lewi_metadata.xml
,PAIS,,Padre Island,National Seashore,,,2006/06/05,Lands
,HAFE,,Harpers Ferry,National Historical Park,,,2006/06/26,Lands - http://landsnet.nps.gov/tractsnet/documents/HAFE/Metadata/hafe_metadata.xml
,BOHA,,Boston Harbor Islands,National Recreation Area,,,2006/08/14,Lands - http://landsnet.nps.gov/tractsnet/documents/BOHA/Metadata/boha_metadata.xml
,SUCR,,Sunset Crater Volcano,National Monument,,,2006/08/11,Lands - http://landsnet.nps.gov/tractsnet/documents/SUCR/Metadata/sucr_metadata.xml
,HOFR,,Home of Franklin D. Roosevelt,National Historic Site,,,2006/03/07,Lands - http://landsnet.nps.gov/tractsnet/documents/HOFR/Metadata/hofr_metadata.xml
,ELRO,,Eleanor Roosevelt,National Historic Site,,,2006/03/07,Lands - http://landsnet.nps.gov/tractsnet/documents/ELRO/Metadata/elro_metadata.xml
,CHIS,,Channel Islands,National Park,,,2006/09/12,Lands
,WHIS,,Whiskeytown,National Recreation Area,,,2006/09/12,Lands
,MABE,,Mary McLeod Bethune Council House,National Historic Site,,,2006/09/21,Lands - http://landsnet.nps.gov/tractsnet/documents/MABE/Metadata/mabe_metadata.xml
,FRDO,,Frederick Douglass,National Historic Site,,,2006/09/21,Lands - http://landsnet.nps.gov/tractsnet/documents/FRDO/Metadata/frdo_metadata.xml
,FOTH,,Ford's Theatre,National Historic Site,,,2006/09/21,Lands - http://landsnet.nps.gov/tractsnet/documents/FOTH/Metadata/foth_metadata.xml
,WAPA,,War in the Pacific,National Historical Park,,,2006/09/21,Lands
,CATO,,Catoctin Mountain,Park,,,2006/09/28,Lands - http://landsnet.nps.gov/tractsnet/documents/CATO/Metadata/cato_metadata.xml
,OZAR,,Ozark,National Scenic Riverway,,,2006/03/23,Lands - http://landsnet.nps.gov/tractsnet/documents/OZAR/Metadata/ozar_metadata.xml
,JOTR,,Joshua Tree,National Park,,,2006/10/25,Lands
,BRVB,,Brown v. Board of Education,National Historic Site,,,2006/11/01,Lands - http://landsnet.nps.gov/tractsnet/documents/BRVB/Metadata/brvb_metadata.xml
,CHSC,,Little Rock Central High School,National Historic Site,,,2006/11/01,Lands - http://landsnet.nps.gov/tractsnet/documents/CHSC/Metadata/chsc_metadata.xml
,FOSM,,Fort Smith,National Historic Site,,,2006/11/02,Lands - http://landsnet.nps.gov/tractsnet/documents/FOSM/Metadata/fosm_metadata.xml
,FILA,,First Ladies,National Historic Site,,,2006/11/07,Lands - http://landsnet.nps.gov/tractsnet/documents/FILA/Metadata/fila_metadata.xml
,RRBH,,Ronald Reagan Boyhood Home,National Historic Site,,,2006/11/16,Lands - http://landsnet.nps.gov/tractsnet/documents/RRBH/Metadata/rrbh_metadata.xml
,PISP,,Pipe Spring,National Monument,,,2006/12/07,Lands - http://landsnet.nps.gov/tractsnet/documents/PISP/Metadata/pisp_metadata.xml
,ELMO,,El Morro,National Monument,,,2006/12/11,Lands - http://landsnet.nps.gov/tractsnet/documents/ELMO/Metadata/elmo_metadata.xml
,VOYA,,Voyageurs,National Park,,,2007/01/08,Lands - http://landsnet.nps.gov/tractsnet/documents/VOYA/Metadata/voya_metadata.xml
,SLBE,,Sleeping Bear Dunes,National Lakeshore,,,,"Significant differences in one unit; Dave's set includes 2 additional small units"
,THRB,,Theodore Roosevelt Birthplace,National Historic Site,,,2007/01/23,Lands - http://landsnet.nps.gov/tractsnet/documents/THRB/Metadata/thrb_metadata.xml
,HAGR,,Hamilton Grange,National Memorial,,,2007/02/05,Lands - http://landsnet.nps.gov/tractsnet/documents/HAGR/Metadata/hagr_metadata.xml
,GEGR,,General Grant,National Memorial,,,2007/02/02,Lands - http://landsnet.nps.gov/tractsnet/documents/GEGR/Metadata/gegr_metadata.xml
,GOIS,,Governors Island,National Monument,,,2007/01/31,Lands - http://landsnet.nps.gov/tractsnet/documents/GOIS/Metadata/gois_metadata.xml
,ANJO,,Andrew Johnson,National Historic Site,,,2007/01/24,Lands - http://landsnet.nps.gov/tractsnet/documents/ANJO/Metadata/anjo_metadata.xml
,MIMA,,Minute Man,National Historical Park,,,2007/01/10,Lands - http://landsnet.nps.gov/tractsnet/documents/MIMA/Metadata/mima_metadata.xml
,SAPA,,Saint Paul's Church,National Historic Site,,,2007/02/09,Lands - http://landsnet.nps.gov/tractsnet/documents/SAPA/Metadata/sapa_metadata.xml
,FEHA,,Federal Hall,National Memorial,,,2007/02/16,Lands - http://landsnet.nps.gov/tractsnet/documents/FEHA/Metadata/feha_metadata.xml
,CACL,,Castle Clinton,National Monument,,,2007/02/16,Lands - http://landsnet.nps.gov/tractsnet/documents/CACL/Metadata/cacl_metadata.xml
,FOBU,,Fossil Butte,National Monument,,,2007/02/22,Lands - http://landsnet.nps.gov/tractsnet/documents/FOBU/Metadata/fobu_metadata.xml
,EFMO,,Effigy Mounds,National Monument,,,2007/02/22,Lands - http://landsnet.nps.gov/tractsnet/documents/EFMO/Metadata/efmo_metadata.xml
,IATR,,Ice Age,National Scenic Trail,,,2007/02/26,Lands - http://landsnet.nps.gov/tractsnet/documents/IATR/Metadata/iatr_metadata.xml
,THRO,,Theodore Roosevelt,National Park,,,2007/02/27,Lands - http://landsnet.nps.gov/tractsnet/documents/THRO/Metadata/thro_metadata.xml
,FODA,,Fort Davis,National Historic Site,,,2007/03/23,Lands - http://landsnet.nps.gov/tractsnet/documents/FODA/Metadata/foda_metadata.xml
,HOVE,,Hovenweep,National Monument,,,2007/04/06,Lands - http://landsnet.nps.gov/tractsnet/documents/HOVE/Metadata/hove_metadata.xml
,FLNI,,Flight 93,National Memorial,,,2007/04/25,Lands - http://landsnet.nps.gov/tractsnet/documents/FLNI/Metadata/flni_metadata.xml
,PIPE,,Pipestone,National Monument,,,2007/05/07,Lands - http://landsnet.nps.gov/tractsnet/documents/PIPE/Metadata/pipe_metadata.xml
,FOUN,,Fort Union,National Monument,,,2007/05/15,Lands - http://landsnet.nps.gov/tractsnet/documents/FOUN/Metadata/foun_metadata.xml
,INDU,,Indiana Dunes,National Lakeshore,,,2007/06/07,Lands - http://landsnet.nps.gov/tractsnet/documents/INDU/Metadata/indu_metadata.xml
,HEHO,,Herbert Hoover,National Historic Site,,,2007/06/07,Lands - http://landsnet.nps.gov/tractsnet/documents/HEHO/Metadata/heho_metadata.xml
,JAGA,,James A Garfield,National Historic Site,,,2007/07/10,Lands - http://landsnet.nps.gov/tractsnet/documents/JAGA/Metadata/jaga_metadata.xml
,ORPI,,Organ Pipe Cactus,National Monument,,,2007/07/10,Lands - http://landsnet.nps.gov/tractsnet/documents/ORPI/Metadata/orpi_metadata.xml
,KEWE,,Keweenaw,National Historical Park,,,2007/07/10,Lands - http://landsnet.nps.gov/tractsnet/documents/KEWE/Metadata/kewe_metadata.xml
,WACA,,Walnut Canyon,National Monument,,,2007/07/19,Lands - http://landsnet.nps.gov/tractsnet/documents/WACA/Metadata/waca_metadata.xml
,TAPR,,Tallgrass Prairie,National Preserve,,,2007/07/27,Lands - http://landsnet.nps.gov/tractsnet/documents/TAPR/Metadata/tapr_metadata.xml
,COSW,,Congaree,National Park,,,2007/08/27,POC for this update:  alex_gregg@nps.gov - http://landsnet.nps.gov/tractsnet/documents/COSW/Metadata/cosw_metadata.xml
,SARI,,Salt River Bay,National Historical Park & Ecological Preserve,,,2007/08/28,Lands - http://landsnet.nps.gov/tractsnet/documents/SARI/Metadata/sari_metadata.xml
,VIIS,,Virgin Islands,National Park,,,2007/08/31,POC for this update:  dean_gettinger@nps.gov - http://landsnet.nps.gov/tractsnet/documents/VIIS/Metadata/viis_metadata.xml
,SAJU,,San Juan,National Historical Site,,,2007/08/31,POC for this update:  dean_gettinger@nps.gov - http://landsnet.nps.gov/tractsnet/documents/SAJU/Metadata/saju_metadata.xml
,HOSP,,Hot Springs,National Park,,,2007/02/28,Lands - http://landsnet.nps.gov/tractsnet/documents/HOSP/Metadata/hosp_metadata.xml
,PEFO,,Petrified Forest,National Park,,,2007/09/20,Lands - http://landsnet.nps.gov/tractsnet/documents/PEFO/Metadata/pefo_metadata.xml
,AZRU,,Aztec Ruins,National Monument,,,2007/09/20,Lands - http://landsnet.nps.gov/tractsnet/documents/AZRU/Metadata/azru_metadata.xml
,MOCA,,Montezuma Castle,National Monument,,,2007/10/03,Lands - http://landsnet.nps.gov/tractsnet/documents/MOCA/Metadata/moca_metadata.xml
,LIBO,,Lincoln Boyhood,National Memorial,,,2007/08/22,Lands - http://landsnet.nps.gov/tractsnet/documents/LIBO/Metadata/libo_metadata.xml
,LIHO,,Lincoln Home,National Historic Site,,,2007/08/27,Lands - http://landsnet.nps.gov/tractsnet/documents/LIHO/Metadata/liho_metadata.xml
,ABLI,,Abraham Lincoln Birthplace,National Historic Site,,,2007/10/03,Lands - http://landsnet.nps.gov/tractsnet/documents/ABLI/Metadata/abli_metadata.xml
,DESO,,De Soto,National Memorial,,,2007/10/16,Lands - http://landsnet.nps.gov/tractsnet/documents/DESO/Metadata/deso_metadata.xml
,CARI,,Cane River Creole,National Historical Park,,,2007/10/16,Lands - http://landsnet.nps.gov/tractsnet/documents/CARI/Metadata/cari_metadata.xml
,LABE,,Lava Beds,National Monument,,,2007/10/17,Lands - http://landsnet.nps.gov/tractsnet/documents/LABE/Metadata/labe_metadata.xml
,KNRI,,Knife River Indian Villages,National Historic Site,,,2007/10/31,Lands - http://landsnet.nps.gov/tractsnet/documents/KNRI/Metadata/knri_metadata.xml
,JELA,,Jean Lafitte,National Historical Park and Preserve,,,2007/11/07,Lands - http://landsnet.nps.gov/tractsnet/documents/JELA/Metadata/jela_metadata.xml
,DRTO,,Dry Tortugas,National Park,,,2007/11/07,Lands - http://landsnet.nps.gov/tractsnet/documents/DRTO/Metadata/drto_metadata.xml
,ALAG,,Alagnak,National Wild & Scenic River,,,2008/01/08,Lands
,ANIA,,Aniakchak,National Preserve,,,2008/01/08,Lands
,ANIA,,Aniakchak,National Monument,,,2008/01/08,Lands
,BELA,,Bering Land Bridge,National Preserve,,,2008/01/08,Lands
,CAKR,,Cape Krusenstern,National Monument,,,2008/01/08,Lands
,DENA,,Denali,National Park,,,2008/01/08,Lands
,DENA,,Denali,National Preserve,,,2008/01/08,Lands
,DENA,,Denali,Park & Wilderness,,,2008/01/08,Lands
,GAAR,,Gates of the Arctic,National Park,,,2008/01/08,Lands
,GAAR,,Gates of the Arctic,National Preserve,,,2008/01/08,Lands
,GAAR,,Gates of the Arctic,Park & Wilderness,,,2008/01/08,Lands
,GLBA,,Glacier Bay,National Park,,,2008/01/08,Lands
,GLBA,,Glacier Bay,National Preserve,,,2008/01/08,Lands
,GLBA,,Glacier Bay,Park & Wilderness,,,2008/01/08,Lands
,GLBA,,Glacier Bay,Park & Wilderness - Water,,,2008/01/08,Lands
,GLBA,,Glacier Bay,Park - Water,,,2008/01/08,Lands
,KATM,,Katmai,National Park,,,2008/01/08,Lands
,KATM,,Katmai,National Preserve,,,2008/01/08,Lands
,KATM,,Katmai,Park & Wilderness,,,2008/01/08,Lands
,KATM,,Katmai,Preserve & Wilderness,,,2008/01/08,Lands
,KEFJ,,Kenai Fjords,National Park,,,2008/01/08,Lands
,KLGO,,Klondike Gold Rush,National Historical Park,,,2008/01/08,Lands
,KOVA,,Kobuk Valley,National Park,,,2008/01/08,Lands
,KOVA,,Kobuk Valley,Park & Wilderness,,,2008/01/08,Lands
,LACL,,Lake Clark,National Park,,,2008/01/08,Lands
,LACL,,Lake Clark,National Preserve,,,2008/01/08,Lands
,LACL,,Lake Clark,Park & Wilderness,,,2008/01/08,Lands
,LACL,,Lake Clark,Preserve & Wilderness,,,2008/01/08,Lands
,NOAT,,Noatak,National Preserve,,,2008/01/08,Lands
,NOAT,,Noatak,Preserve & Wilderness,,,2008/01/08,Lands
,SITK,,Sitka,National Historical Park,,,2008/01/08,Lands
,WRST,,Wrangell-St. Elias,National Park,,,2008/01/08,Lands
,WRST,,Wrangell-St. Elias,National Preserve,,,2008/01/08,Lands
,WRST,,Wrangell-St. Elias,Park & Wilderness,,,2008/01/08,Lands
,WRST,,Wrangell-St. Elias,Preserve & Wilderness,,,2008/01/08,Lands
,YUCH,,Yukon-Charley Rivers,National Preserve,,,2008/01/08,Lands
,YUCH,,Yukon-Charley Rivers,Navigable Rivers - State Owned,,,2008/01/08,Lands
,FOFR,,Fort Frederica,National Monument,,,2007/12/05,Lands - http://landsnet.nps.gov/tractsnet/documents/FOFR/Metadata/fofr_metadata.xml
,ZION,,Zion,National Park,,,2008/01/16,Lands - http://landsnet.nps.gov/tractsnet/documents/ZION/Metadata/zion_metadata.xml
,PISC,,Piscataway,Park,,,2008/01/18,Lands - http://landsnet.nps.gov/tractsnet/documents/PISC/Metadata/pisc_metadata.xml
,PAAL,,Palo Alto Battlefield,National Historic Site,,,2008/01/31,Lands - http://landsnet.nps.gov/tractsnet/documents/PAAL/Metadata/paal_metadata.xml
,BADL,,Badlands,National Park,,,2008/02/27,Lands - http://landsnet.nps.gov/tractsnet/documents/BADL/Metadata/badl_metadata.xml
,MANZ,,Manzanar,National Historic Site,,,2008/03/04,Lands - http://landsnet.nps.gov/tractsnet/documents/MANZ/Metadata/manz_metadata.xml
,CHCU,,Chaco Culture,National Historical Park,,,2007/08/24,POC for this update:  brad_shattuck@nps.gov - http://landsnet.nps.gov/tractsnet/documents/CHCU/Metadata/chcu_metadata.xml
,MIMI,,Minuteman Missile,National Historic Site,,,2008/03/24,Lands - http://landsnet.nps.gov/tractsnet/documents/MIMI/Metadata/mimi_metadata.xml
,WHSA,,White Sands,National Monument,,,2008/04/04,Lands
,BRCA,,Bryce Canyon,National Park,,,2008/03/27,Lands - http://landsnet.nps.gov/tractsnet/documents/BRCA/Metadata/brca_metadata.xml
,CUVA,,Cuyahoga Valley,National Park,,,2008/04/09,Lands - http://landsnet.nps.gov/tractsnet/documents/CUVA/Metadata/cuva_metadata.xml
,WICR,,Wilson's Creek,National Battlefield,,,2008/04/14,Lands - http://landsnet.nps.gov/tractsnet/documents/WICR/Metadata/wicr_metadata.xml
,JODR,,"John D. Rockefeller, Jr.",Memorial Parkway,,,2008/04/14,Lands - http://landsnet.nps.gov/tractsnet/documents/JODR/Metadata/jodr_metadata.xml
,MORU,,Mount Rushmore,National Memorial,,,2007/10/24,Lands - http://landsnet.nps.gov/tractsnet/documents/MORU/Metadata/moru_metadata.xml
,GWCA,,George Washington Carver,National Monument,,,2008/04/21,Lands - http://landsnet.nps.gov/tractsnet/documents/GWCA/Metadata/gwca_metadata.xml
,CAVE,,Carlsbad Caverns,National Park,,,2008/04/17,Lands - http://landsnet.nps.gov/tractsnet/documents/CAVE/Metadata/cave_metadata.xml
,KEMO,,Kennesaw Mountain,National Battlefield Park,,,2008/04/22,Lands - http://landsnet.nps.gov/tractsnet/documents/KEMO/Metadata/kemo_metadata.xml
,HUTR,,Hubbell Trading Post,National Historic Site,,,2008/05/13,Lands - http://landsnet.nps.gov/tractsnet/documents/HUTR/Metadata/hutr_metadata.xml
,DEPO,,Devils Postpile,National Monument,,,2008/05/14,Lands - http://landsnet.nps.gov/tractsnet/documents/DEPO/Metadata/depo_metadata.xml
,CHAM,,Chamizal,National Memorial,,,2008/05/20,Lands - http://landsnet.nps.gov/tractsnet/documents/CHAM/Metadata/cham_metadata.xml
,VICR,,Virgin Islands Coral Reef,National Monument,,,2008/05/30,Lands - http://landsnet.nps.gov/tractsnet/documents/VICR/Metadata/vicr_metadata.xml
,HAVO,,Hawai'i Volcanoes,National Park,,,2008/05/30,Lands - http://landsnet.nps.gov/tractsnet/documents/HAVO/Metadata/havo_metadata.xml
,ALFL,,Alibates Flint Quarries,National Monument,,,2008/06/02,Lands - http://landsnet.nps.gov/tractsnet/documents/ALFL/Metadata/alfl_metadata.xml
,KAHO,,Kaloko-Honokohau,National Historical Park,,,2008/06/25,Lands - http://landsnet.nps.gov/tractsnet/documents/KAHO/Metadata/kaho_metadata.xml
,FOUS,,Fort Union Trading Post,National Historic Site,,,2008/07/01,Lands - http://landsnet.nps.gov/tractsnet/documents/FOUS/Metadata/fous_metadata.xml
,ULSG,,Ulysses S. Grant,National Historic Site,,,2008/07/01,Lands - http://landsnet.nps.gov/tractsnet/documents/ULSG/Metadata/ulsg_metadata.xml
,CANA,,Canaveral,National Seashore,,,2008/07/30,Lands - http://landsnet.nps.gov/tractsnet/documents/CANA/Metadata/cana_metadata.xml
,PUHE,,Pu'ukohola Heiau,National Historic Site,,,2008/06/18,Lands - http://landsnet.nps.gov/tractsnet/documents/PUHE/Metadata/puhe_metadata.xml
,LAVO,,Lassen Volcanic,National Park,,,2007/11/05,Lands - http://landsnet.nps.gov/tractsnet/documents/LAVO/Metadata/lavo_metadata.xml
,YELL,,Yellowstone,National Park,,,2008/04/23,Lands - http://landsnet.nps.gov/tractsnet/documents/YELL/Metadata/yell_metadata.xml
,PUHO,,Pu'uhonua o Honaunau,National Historical Park,,,2008/08/19,Lands - http://landsnet.nps.gov/tractsnet/documents/PUHO/Metadata/puho_metadata.xml
,AFBG,,African Burial Ground,National Monument,,,2008/08/19,Lands - http://landsnet.nps.gov/tractsnet/documents/AFBG/Metadata/afbg_metadata.xml
,MEVE,,Mesa Verde,National Park,,,2008/08/22,Lands - http://landsnet.nps.gov/tractsnet/documents/MEVE/Metadata/meve_metadata.xml
,VAFO,,Valley Forge,National Historical Park,,,2008/09/10,Lands - http://landsnet.nps.gov/tractsnet/documents/VAFO/Metadata/vafo_metadata.xml
,NICO,,Nicodemus,National Historic Site,,,2008/11/06,Lands - http://landsnet.nps.gov/tractsnet/documents/NICO/Metadata/nico_metadata.xml
,GWMP,,George Washington,Memorial Parkway,,,2008/11/17,Lands - http://landsnet.nps.gov/tractsnet/documents/GWMP/Metadata/gwmp_metadata.xml
,CLBA,,Clara Barton,National Historic Site,,,2008/11/17,Lands - http://landsnet.nps.gov/tractsnet/documents/CLBA/Metadata/clba_metadata.xml
,FOWA,,Fort Washington Park,Park,,,2008/11/17,Lands - http://landsnet.nps.gov/tractsnet/documents/FOWA/Metadata/fowa_metadata.xml
,KICA,,Kings Canyon,National Park,,,2003/11/07,Lands
,SEQU,,Sequoia,National Park,,,2004/01/09,Lands
,CABR,,Cabrillo,National Monument,,,2008/08/28,Lands - http://landsnet.nps.gov/tractsnet/documents/CABR/Metadata/cabr_metadata.xml
